<?xml version="1.0" encoding="UTF-8"?>
<project-private xmlns="http://www.netbeans.org/ns/project-private/1">
    <editor-bookmarks xmlns="http://www.netbeans.org/ns/editor-bookmarks/2" lastBookmarkId="0"/>
    <open-files xmlns="http://www.netbeans.org/ns/projectui-open-files/2">
        <group>
            <file>file:/C:/Users/samyc/Downloads/PacmanJuego/PacmanJuego/src/pacman/recursos/NombreVentana.java</file>
            <file>file:/C:/Users/samyc/Downloads/PacmanJuego/PacmanJuego/src/pacman/entorno/Laberinto.java</file>
            <file>file:/C:/Users/samyc/Downloads/PacmanJuego/PacmanJuego/src/pacman/entorno/PanelEstado.java</file>
            <file>file:/C:/Users/samyc/Downloads/PacmanJuego/PacmanJuego/src/pacman/personaje/Pacman.java</file>
            <file>file:/C:/Users/samyc/Downloads/PacmanJuego/PacmanJuego/src/pacman/recursos/Lector.java</file>
            <file>file:/C:/Users/samyc/Downloads/PacmanJuego/PacmanJuego/src/pacman/recursos/Menu.java</file>
            <file>file:/C:/Users/samyc/Downloads/PacmanJuego/PacmanJuego/src/pacman/entorno/GeneradorEntorno.java</file>
            <file>file:/C:/Users/samyc/Downloads/PacmanJuego/PacmanJuego/src/pacman/personaje/Fantasma.java</file>
        </group>
    </open-files>
</project-private>
